Name,Address,Phone
약손한의원,경기 용인시 처인구 금령로71번길 16 대흥빌딩,031-338-2299
광교정한의원,경기 용인시 수지구 광교중앙로 314 202호,031-216-1114
마디마디한의원,경기 용인시 기흥구 동백중앙로 283 골드프라자,031-285-8277
미올한의원,경기 용인시 수지구 광교중앙로 308 광교에스타워 202호,031-217-2170
정재훈한의원,경기 용인시 처인구 금령로 56 우먼로드,031-332-1775
365화이팅한의원,경기 용인시 기흥구 기흥역로 63 3층,031-308-3275
경희차이한의원,경기 용인시 수지구 광교중앙로 319 광교스타천빌딩 502호,031-217-7275
호림한의원,경기 용인시 처인구 명지로 21,031-337-1526
광교한의원,경기 용인시 수지구 광교중앙로 320,031-217-7975
숨쉬는한의원,경기 용인시 수지구 풍덕천로 119 수지로얄스포츠센타,031-896-7171
이안한의원,경기 용인시 처인구 중부대로 1303 기덕빌딩 3층,031-338-1675
봉원당한의원,경기 용인시 수지구 광교중앙로 308 에스타워 502호,031-217-7579
우리한의원,경기 용인시 기흥구 연원로 35 중앙프라자 3층,031-284-1075
바른한의원,경기 용인시 처인구 명지로40번길 16 파스텔시티 403호,031-332-1075
바름한의원,경기 용인시 수지구 현암로 131 C.H 리베로2차 401호,031-896-3711
자연아이한방소아과한의원,경기 용인시 수지구 문정로7번길 8 창진빌딩 301호,031-263-4042
참조은한의원,경기 용인시 수지구 풍덕천로 122 하나로프라자 402-1호,031-266-0898
한샘한의원,경기 용인시 수지구 수지로342번길 15,031-262-1323
기흥365다시봄한의원,경기 용인시 기흥구 구갈로 64 소공빌딩 402호,031-8007-3650
보라드림한의원,경기 용인시 기흥구 한보라1로 5,031-274-3375
동백경희한의원,경기 용인시 기흥구 동백7로 77 여강빌딩,031-287-7510
풀뿌리한의원,경기 용인시 수지구 신봉3로 1 진성프라자2 504호,031-264-7588
북경한의원,경기 용인시 수지구 현암로 135 베스트프라자,031-263-5855
성복365괜추나한의원,경기 용인시 수지구 성복2로 49 세훈빌딩 2층,031-272-3650
쎈한의원,경기 용인시 수지구 광교중앙로295번길 3 광교유타워 1층,031-216-0677
경희다스림한의원,경기 용인시 기흥구 한보라1로64번길 2 센타프라자 301호,031-8005-7510
맑은한의원,경기 용인시 수지구 성복2로 51 데이파크 B동 3층,031-889-5335
경희태동한의원,경기 용인시 수지구 용구대로 2797 수창빌딩,031-266-9993
성복한의원,경기 용인시 수지구 성복2로 92 라미엔느빌딩 3층 303호,031-264-3060
대추나무한의원,경기 용인시 수지구 동천로 36 영재빌딩,031-266-7574
수지온한의원,경기 용인시 수지구 문정로 40 3층 수지온한의원,031-263-9702
기흥한의원,경기 용인시 기흥구 기흥로 8,031-546-0654
봄봄한의원,경기 용인시 기흥구 동백죽전대로 444 C동 301호,031-679-0145
연우한의원,경기 용인시 수지구 신봉1로 175 진성프라자 301호,031-264-0080
건한의원,경기 용인시 기흥구 죽전로 53 야후빌딩,031-897-7550
바른숨한의원,경기 용인시 기흥구 죽전로 20 죽전누리에뜰 3층,031-234-3226
엘한의원,경기 용인시 수지구 광교중앙로 302 블루스퀘어 203호,031-214-9898
한숲한의원,경기 용인시 처인구 남사면 한숲로 60 처인푸라자 401호,031-334-3333
경희한의원,경기 용인시 기흥구 신구로12번길 8-1,031-284-7575
용인제일한의원,경기 용인시 처인구 금령로 135 희성빌딩 2층,031-332-8887
감로한의원,경기 용인시 처인구 양지면 도창로 2-2,031-332-7312
해당한의원,경기 용인시 기흥구 흥덕중앙로 41 흥덕 웰스 프라자,031-216-1075
서천경희한의원,경기 용인시 기흥구 서천로127번길 3-3,031-204-7582
애이치한의원,경기 용인시 수지구 수지로 122 3층,031-897-0005
린한의원,경기 용인시 수지구 동천로 39 동천코아프라자,031-266-7550
섬기는한의원,경기 용인시 기흥구 동백중앙로 283 골드프라자,031-693-7377
청구경희한의원 용인죽전점,경기 용인시 기흥구 죽전로 20 죽전누리에뜰 A동 2층 208호,031-8067-7510
화정한의원,경기 용인시 기흥구 죽전로 39 SJ타워 402호,031-8019-7588
예원한의원,경기 용인시 기흥구 예현로35번길 2,031-206-1275
둔전한의원,경기 용인시 처인구 포곡읍 포곡로 108,031-339-5250
안병상한의원,경기 용인시 기흥구 한보라1로 8 스카이프라자 3층,031-285-1075
청담한의원,경기 용인시 수지구 정평로 34-1,031-264-1875
태성한의원,경기 용인시 처인구 용문로 148,031-335-1076
경희수인한의원,경기 용인시 기흥구 죽전로 47 성진웰빙타운,031-262-9875
해비치한의원,경기 용인시 기흥구 동백중앙로 283 골드프라자 A동 4층,031-286-1213
푸른숲한의원,경기 용인시 수지구 현암로 164 신주프라자,031-889-8275
대인한의원,경기 용인시 수지구 현암로 81 벤포스타(Ⅰ),031-898-0075
경희본한의원,경기 용인시 기흥구 동백3로11번길 3,031-693-7975
용인한의원,경기 용인시 수지구 문정로 15 평은프라자 3층,031-897-8631
참사랑한의원,경기 용인시 기흥구 구성로 88,031-283-7512
화인한의원,경기 용인시 수지구 수풍로 107 클래스업 305호,031-526-7577
수강한의원,경기 용인시 기흥구 죽전로 58,031-898-3738
동제한의원,경기 용인시 처인구 금령로 14,031-336-1075
해바라기한의원,경기 용인시 기흥구 새천년로16번길 3-16 새천년프라자,031-282-3003
동백한의원,경기 용인시 기흥구 동백중앙로 177 동백씨엘뷰 오피스텔 202호,031-274-7572
홍희한의원,경기 용인시 기흥구 용구대로 2398 연원마을 삼호.벽산아파트,031-285-6855
명지한의원,경기 용인시 기흥구 새천년로26번길 2 센타프라자 3층,031-287-0700
해담한의원,경기 용인시 기흥구 서천로 121 원희캐슬프라자 306호,031-206-1775
성광한의원,경기 용인시 기흥구 탑실로 116 탑실마을 대주피오레2단지,031-283-1075
경희사랑나무한의원,경기 용인시 처인구 이동읍 이원로 12,031-336-7559
대현한의원,경기 용인시 기흥구 강남동로 6 그랜드프라자,031-693-6330
강경태한의원,경기 용인시 수지구 정평로 40-1 거묵상가1,031-265-2840
수강한의원,경기 용인시 수지구 문정로 13 중수프라자,031-263-7272
참경희한의원,경기 용인시 기흥구 동백7로 73,031-693-6936
수지경희한의원,경기 용인시 수지구 성복2로 51 YK타운,031-889-9881
경희부부한의원,경기 용인시 기흥구 흥덕중앙로 59 용인 흥덕 노블레스,031-213-3520
동백숲한의원,경기 용인시 기흥구 동백죽전대로527번길 98-2 현암프라자,031-8005-8275
수지강한의원,경기 용인시 수지구 풍덕천로 118,031-202-7175
함소아한의원 용인동백점,경기 용인시 기흥구 동백죽전대로 444 쥬네브썬월드빌딩 4층 C405호,031-679-0875
아라한의원,경기 용인시 수지구 대지로 43 금강프라자,031-264-7388
죽전한의원,경기 용인시 수지구 정든로6번길 2 그린피아,031-265-0071
경희가족한의원,경기 용인시 수지구 신봉2로 6 신원빌딩,031-261-9175
수지힘찬한의원,경기 용인시 수지구 풍덕천로129번길 9 오성빌딩,031-896-1077
경희누리한의원,경기 용인시 수지구 광교중앙로 310,031-212-2125
청명한의원,경기 용인시 처인구 백옥대로 1374,031-337-2785
보라연한의원,경기 용인시 기흥구 한보라1로 14 베스트프라자,031-286-3063
유림한의원,경기 용인시 수지구 신봉2로 5 에덴프라자,031-896-1515
경희도담한의원,경기 용인시 수지구 대지로 28 2층,031-276-0872
동백굿모닝한의원,경기 용인시 기흥구 동백3로11번길 8-1 제일프라자,031-693-7575
경희보라한의원,경기 용인시 수지구 만현로 92,031-265-1075
다정한의원,경기 용인시 기흥구 흥덕1로 101 스타프라자 203호,031-217-9920
로이한의원,경기 용인시 기흥구 흥덕2로118번길 6,031-211-5212
온새미로한의원,경기 용인시 수지구 고기로 458,031-276-2301
원광바른한의원,경기 용인시 기흥구 새천년로26번길 6 드림빌딩 301호 원광바른한의원,031-281-8575
서울경희한의원,경기 용인시 수지구 진산로 106 훼미리빌딩,031-272-5575
수지OK경희한의원,경기 용인시 수지구 풍덕천로 154 수지OK경희한의원,031-892-7575
양지한의원,경기 용인시 처인구 양지면 양지로 136 바이더웨이,031-339-7567
동천한의원,경기 용인시 수지구 손곡로 83 동천타워4층,031-264-8175
조성각한의원,경기 용인시 기흥구 구성로 102,031-283-5888
김구한의원,경기 용인시 수지구 광교마을로 54 SB타운 2층,031-546-2966
